Rank,Name,8-Year Graduation Rate,Number of Pell Graduates,Pell Performance Rank,Earnings Performance Rank,Net Price of Attendance for Families Below $75k Income,Social Mobility Rank,Research Rank,Service Rank,Admission Rate,Enrollment,Share of White Students,In-State Tuition Fee,Out-of-State Tuition Fee,Median Earnings of Students,Note: 
1,Harvard University (MA),98%,262,281,87,1758,15,3,19,0.0401,7938.0,0.3634,55587.0,55587.0,95114.0,
2,Stanford University (CA),96%,257,130,11,355,6,2,169,0.0395,7645.0,0.2798,56169.0,56169.0,106987.0,
3,MA Institute of Technology (MA),96%,187,78,6,-853,3,1,274,,1403.0,0.3086,,,31896.0,
4,University of Pennsylvania (PA),97%,368,189,1,3722,2,9,73,0.5827,395.0,0.8,27200.0,27200.0,38264.0,
5,Princeton University (NJ),98%,169,84,7,4618,5,5,138,0.0438,5236.0,0.385,56010.0,56010.0,110433.0,
6,Duke University (NC),95%,221,153,59,3068,23,15,8,0.0589,6815.0,0.4001,60244.0,60244.0,97418.0,
7,Columbia Univ. in the City of NY (NY),93%,417,56,23,3027,8,14,174,,,,,,,No data found
8,Yale University (CT),98%,160,81,35,2810,12,7,201,0.0531,6535.0,0.3717,59950.0,59950.0,95961.0,
9,University of CA–Berkeley (CA)*,93%,2358,54,284,10260,48,6,33,0.8769,2861.0,0.3862,6068.0,6068.0,50616.0,
10,Cornell University (NY),95%,595,205,77,6362,35,12,44,,,,,,98321.0,
11,University of WI–Madison (WI)*,87%,1026,185,270,7406,62,17,6,0.6798,14161.0,0.7808,7238.0,21303.0,52560.0,
12,University of Notre Dame (IN),96%,226,179,41,12578,39,58,2,0.1507,8950.0,0.6572,58843.0,58843.0,93220.0,
13,Johns Hopkins University (MD),93%,197,138,335,4751,70,8,27,0.0752,5727.0,0.2389,58720.0,58720.0,89551.0,
14,University of WA–Seattle (WA)*,84%,1839,196,258,6802,52,13,40,0.994,1724.0,0.67,33390.0,33390.0,48788.0,
15,Georgetown University (DC),94%,243,360,3,8233,11,101,35,0.1198,7395.0,0.4999,59957.0,59957.0,101797.0,
16,University of California–LA (CA)*,93%,2864,58,331,9286,43,16,118,,,,,,,
17,University of NC–Chapel Hill (NC)*,90%,948,270,313,7273,58,21,13,,,,,,,No data found
18,Vanderbilt University (TN),93%,235,92,170,6462,47,30,17,0.0714,7104.0,0.4139,56966.0,56966.0,84415.0,
19,Florida International University (FL)*,66%,4561,21,204,4931,4,121,179,0.6401,39936.0,0.0918,6565.0,18963.0,57946.0,
20,University of CA–San Diego (CA)*,89%,2296,20,269,10698,29,10,295,0.342,33339.0,0.1897,14700.0,44454.0,82255.0,
21,University of California–Davis (CA)*,89%,2877,66,192,11273,25,26,197,0.4875,31637.0,0.2136,14645.0,44399.0,74305.0,
22,University of Florida (FL)*,88%,2740,82,312,2768,19,31,216,0.3707,33368.0,0.5788,5656.0,18786.0,57007.0,
23,University of MI–Ann Arbor (MI)*,93%,1012,148,257,6621,53,11,213,0.2015,32063.0,0.5323,16178.0,53232.0,79580.0,
24,Univ. of IL–Urbana-Champaign (IL)*,86%,1606,51,145,8120,33,23,187,0.5966,33889.0,0.4044,15442.0,32892.0,77368.0,
25,Brigham Young University (UT),85%,1159,4,4,10651,1,122,391,0.8769,2861.0,0.3862,6068.0,6068.0,50616.0,
26,CA State University–Fresno (CA)*,69%,2185,25,39,4631,10,382,49,0.9728,21826.0,0.167,6653.0,18533.0,55534.0,
27,Washington Univ. in St. Louis (MO),93%,113,140,98,5961,30,24,243,0.13,7713.0,0.4639,58866.0,58866.0,90646.0,
28,Dartmouth College (NH),96%,138,101,19,8734,17,32,318,0.0617,4533.0,0.4972,60870.0,60870.0,95540.0,
29,CA State Univ.–San Bernardino (CA)*,70%,1989,19,45,4841,7,350,190,0.9097,16595.0,0.1083,7213.0,19093.0,55258.0,
30,National Louis University (IL),53%,223,35,10,14435,14,397,47,0.9704,3485.0,0.157,11505.0,11505.0,44968.0,
31,Northwestern University (IL),95%,294,91,207,5481,44,20,276,0.9628,7513.0,0.5231,8672.0,19460.0,44550.0,
32,University of Chicago (IL),94%,150,178,425,5139,127,19,12,0.788,22011.0,0.2467,14126.0,28476.0,64108.0,
33,Arizona State University (AZ)*,65%,3543,48,225,10184,65,54,20,0.8819,64216.0,0.4637,11348.0,29438.0,58967.0,
34,University of MN–Twin Cities (MN)*,81%,1578,139,353,9529,82,22,82,,,,,,,No data found
35,California Institute of Tech. (CA),93%,24,172,209,6101,60,4,432,,521.0,0.1689,19190.0,19190.0,41049.0,
36,University of Central Florida (FL)*,72%,5166,68,379,7107,20,105,163,0.3637,59710.0,0.4504,6368.0,22467.0,54850.0,
37,VA Polytech. Inst. & State Univ. (VA)*,85%,898,366,88,14708,78,51,21,0.5647,29699.0,0.6132,14174.0,33857.0,77621.0,
38,Carnegie Mellon University (PA),85%,181,127,12,16852,73,35,68,0.1354,6880.0,0.2334,58924.0,58924.0,111064.0,
39,Utah State University (UT)*,54%,961,34,28,11219,46,120,28,0.9263,20516.0,0.8333,8960.0,24080.0,52764.0,
40,George Washington University (DC),81%,304,370,31,17440,115,88,3,0.4971,10929.0,0.5043,59870.0,59870.0,87548.0,
41,Boston College (MA),92%,296,329,14,12980,34,133,83,,264.0,0.3864,22144.0,22144.0,64359.0,
42,University of Virginia (VA)*,94%,524,288,151,11742,68,46,79,0.2074,17041.0,0.5479,19244.0,53626.0,80584.0,
43,Brown University (RI),96%,250,239,245,6794,63,36,182,0.5287,1381.0,0.7147,28924.0,28924.0,54964.0,
44,Rutgers University–Newark (NJ)*,72%,850,11,18,11903,9,177,366,0.7743,8066.0,0.2031,15208.0,32409.0,69748.0,
45,Michigan State University (MI)*,81%,1738,305,72,9644,51,47,183,0.8325,38424.0,0.6778,14750.0,40562.0,64566.0,
46,Florida Atlantic University (FL)*,61%,2372,113,215,7362,26,174,154,0.7801,23695.0,0.39,4879.0,17324.0,53644.0,
47,University of Southern CA (CA),93%,1183,145,114,16527,64,43,175,,559.0,0.3059,,,110178.0,
48,Wake Forest University (NC),89%,115,388,58,8337,57,89,50,0.2518,5465.0,0.6767,59770.0,59770.0,81964.0,
49,CA State University–Long Beach (CA)*,80%,3279,45,262,7429,13,318,284,0.4685,33765.0,0.1591,6846.0,18726.0,60973.0,
50,Emory University (GA),92%,411,115,405,11773,130,33,32,0.1305,7050.0,0.3479,55468.0,55468.0,81802.0,
51,Syracuse University (NY),82%,867,364,22,19697,74,131,15,0.5919,14515.0,0.5445,57591.0,57591.0,74446.0,
52,Lehigh University (PA),89%,169,235,5,16834,22,99,310,0.4597,5446.0,0.61,57470.0,57470.0,100559.0,
53,University of South FL–Main (FL)*,73%,3094,90,427,5916,61,70,119,0.4938,36681.0,0.4673,6410.0,17324.0,54364.0,
54,Florida State University (FL)*,81%,2401,227,399,7205,56,71,137,0.3707,33368.0,0.5788,5656.0,18786.0,57007.0,
55,University of MO–Columbia (MO)*,69%,1110,182,149,12500,161,84,4,0.6316,1087.0,0.7783,33250.0,33250.0,52319.0,
56,Univ. of California–Merced (CA)*,70%,714,3,74,10971,27,129,289,0.866,8321.0,0.0812,13657.0,43411.0,63365.0,
57,University of Illinois–Chicago (IL)*,67%,1864,10,166,10941,36,81,283,0.788,22011.0,0.2467,14126.0,28476.0,64108.0,
58,University of Utah (UT)*,70%,1384,114,67,11882,83,45,142,,8796.0,0.7514,5862.0,16986.0,43180.0,
59,Purdue University–Main (IN)*,76%,1161,298,294,5961,124,27,112,0.6881,37658.0,0.6276,9992.0,28794.0,68414.0,
60,Univ. of TX–Rio Grande Valley (TX)*,56%,2257,2,131,3724,21,349,260,,,,,,,No data found
61,SUNY Albany (NY)*,66%,1163,100,57,15236,66,115,65,0.6799,12556.0,0.4328,10408.0,28248.0,63760.0,
62,Rutgers Univ.–New Brunswick (NJ)*,82%,2245,67,414,14089,111,53,42,0.6816,35827.0,0.3402,15804.0,33005.0,69748.0,
63,University of California–Irvine (CA)*,87%,2854,33,368,8894,37,41,408,0.2882,29438.0,0.133,13775.0,43529.0,76593.0,
64,University of CA–Riverside (CA)*,79%,2403,7,413,9335,49,60,303,0.8769,2861.0,0.3862,6068.0,6068.0,50616.0,
65,California State Univ.–Fullerton (CA)*,78%,3227,106,260,4809,16,326,363,0.5943,35502.0,0.1633,6976.0,18856.0,58585.0,
66,San Francisco State University (CA)*,68%,2498,201,83,12018,31,223,229,0.9292,22563.0,0.1568,7304.0,19184.0,64797.0,
67,University of CA–Santa Barbara (CA)*,85%,1948,49,345,11912,69,49,252,0.2918,23081.0,0.3186,14417.0,44171.0,70326.0,
68,Ohio State University–Main (OH)*,78%,2239,111,422,10324,138,28,132,,58.0,0.6724,8200.0,8200.0,36605.0,
69,William & Mary (VA)*,92%,190,266,396,7227,100,86,41,0.3654,6521.0,0.5898,23812.0,47038.0,69897.0,
70,Washington State University (WA)*,65%,1747,348,16,8977,59,92,199,0.961,13933.0,0.6823,8703.0,25930.0,59142.0,
71,University of NC–Greensboro (NC)*,58%,1297,17,105,9673,45,183,202,0.684,2384.0,0.6393,42206.0,42206.0,57787.0,
72,Indiana University–Bloomington (IN)*,79%,1176,249,181,7915,92,67,116,0.8504,33995.0,0.6879,11333.0,38352.0,61279.0,
73,Winston-Salem State University (NC)*,63%,499,23,110,11752,24,393,296,0.8147,4581.0,0.0659,6247.0,16903.0,40976.0,
74,Michigan Technological Univ. (MI)*,71%,250,206,68,9608,96,57,139,0.8575,5701.0,0.8602,16966.0,38112.0,77293.0,
75,James Madison University (VA)*,83%,617,419,69,16353,91,239,22,0.8625,19743.0,0.7538,12638.0,29564.0,65172.0,
76,Sam Houston State University (TX)*,60%,1284,162,33,12250,40,336,173,0.9658,18288.0,0.4764,8960.0,18752.0,52250.0,
77,Boston University (MA),87%,584,303,311,13865,139,52,45,0.1865,17501.0,0.3434,59816.0,59816.0,80582.0,
78,GA Institute of Tech.–Main (GA)*,89%,635,323,202,11551,110,18,354,,123.0,0.0163,13152.0,13152.0,28691.0,
79,Texas A&M–College Station (TX)*,83%,2137,262,198,13941,87,50,210,,,,,,,No data found
80,University of MD–College Park (MD)*,82%,1351,131,343,11725,114,37,207,,,,,,,No data found
81,Montclair State University (NJ)*,70%,1334,64,62,13222,38,271,237,0.9061,15993.0,0.4021,13298.0,21418.0,57008.0,
82,Iowa State University (IA)*,74%,1249,245,210,11618,145,55,48,0.9112,25537.0,0.7706,9634.0,25446.0,60973.0,
83,University of Connecticut (CT)*,84%,713,225,95,15900,94,68,158,0.7483,7616.0,0.5714,11542.0,24946.0,56799.0,
84,University of Rochester (NY),88%,251,198,403,18212,196,25,102,0.9809,842.0,0.6496,25462.0,25462.0,47021.0,
85,North Carolina State Univ. (NC)*,81%,1100,176,420,10053,156,44,99,0.4748,24999.0,0.6837,9131.0,29916.0,65211.0,
86,East Carolina University (NC)*,67%,1403,289,100,13072,81,226,66,0.9389,21231.0,0.6441,7297.0,23574.0,50819.0,
87,University of Texas–Austin (TX)*,82%,2234,190,407,13949,198,29,98,0.2875,40506.0,0.3503,11752.0,40996.0,72713.0,
88,New Jersey Institute of Tech. (NJ)*,80%,2149,14,130,14256,28,128,410,0.6914,8377.0,0.3294,18016.0,34034.0,84495.0,
89,Rutgers University–Camden (NJ)*,69%,504,77,21,10795,32,374,322,0.787,4747.0,0.4049,15657.0,32299.0,69748.0,
90,University of MA–Amherst (MA)*,79%,1196,243,338,12503,121,66,113,0.803,563.0,0.8419,18050.0,18050.0,45876.0,
91,George Mason University (VA)*,74%,1469,73,134,16315,54,126,277,0.913,26339.0,0.3558,13119.0,36579.0,69958.0,
92,University of Texas–Arlington (TX)*,58%,2176,116,179,13566,71,140,191,0.927,32658.0,0.2783,11727.0,29299.0,57994.0,
93,University of Georgia (GA)*,86%,1540,203,360,11272,112,69,146,0.3636,913.0,0.2442,17488.0,17488.0,45217.0,
94,San Diego State University (CA)*,79%,2421,359,373,7772,76,184,172,,,,6084.0,17964.0,61522.0,
95,Rice University (TX),93%,159,98,385,5193,97,42,356,0.0948,4240.0,0.2965,52895.0,52895.0,87254.0,
96,University of Arizona (AZ)*,64%,2042,72,162,11925,101,76,221,0.8727,36560.0,0.4963,12736.0,37258.0,59805.0,
97,University of Delaware (DE)*,81%,534,394,64,14244,126,96,89,0.5884,4179.0,0.1007,8358.0,18280.0,44793.0,
98,University of Montana (MT)*,45%,404,107,305,13377,354,159,1,0.3333,1283.0,0.8137,5726.0,17190.0,41931.0,
99,Tufts University (MA),94%,146,315,438,10718,210,65,16,0.1143,6628.0,0.478,63000.0,63000.0,74430.0,
100,Georgia State University (GA)*,56%,2492,5,404,15216,85,139,186,0.8558,2018.0,0.5595,5464.0,16186.0,44541.0,
101,Colorado School of Mines (CO)*,79%,147,244,29,18401,109,80,192,0.5688,5440.0,0.6895,19538.0,40838.0,95887.0,
102,University of San Diego (CA),81%,223,400,187,21938,220,219,5,0.342,33339.0,0.1897,14700.0,44454.0,82255.0,
103,University of Iowa (IA)*,71%,849,220,119,15693,180,61,53,0.8621,21198.0,0.7433,9942.0,31905.0,62670.0,
104,Marquette University (WI),82%,281,108,48,20735,108,178,81,0.8626,7466.0,0.681,45766.0,45766.0,76417.0,
105,New York University (NY),85%,1301,156,293,26426,255,40,36,0.4614,6142.0,0.5861,8523.0,18433.0,54978.0,
106,Illinois State University (IL)*,72%,1005,342,17,15702,99,259,100,0.9154,17632.0,0.7016,15319.0,26843.0,58781.0,
107,University of Texas–San Antonio (TX)*,51%,1856,43,264,9253,86,162,194,,787.0,0.2478,,,75072.0,
108,University of North Florida (FL)*,65%,1139,277,274,6054,72,296,209,0.7749,13862.0,0.6042,6389.0,20793.0,52114.0,
109,Rensselaer Polytechnic Institute (NY),86%,212,126,25,23078,84,59,365,0.5302,5579.0,0.4266,58526.0,58526.0,100141.0,
110,Portland State University (OR)*,52%,1743,65,121,11877,67,196,269,0.9843,15674.0,0.4992,10386.0,29286.0,54567.0,
111,Radford University (VA)*,62%,575,309,38,13337,89,304,136,0.9531,6437.0,0.634,11542.0,23624.0,52232.0,
112,Virginia Commonwealth Univ. (VA)*,68%,1337,174,255,16426,143,108,97,0.9277,20918.0,0.4119,15319.0,36657.0,54300.0,
113,Albizu University–Miami (FL),63%,53,122,299,20790,18,437,439,1.0,178.0,0.0337,12444.0,12444.0,41451.0,
114,University of San Francisco (CA),77%,396,137,70,31614,188,308,7,,,,,,,
115,Old Dominion University (VA)*,58%,1264,141,128,14200,105,180,141,0.9623,18429.0,0.4292,10800.0,30960.0,52678.0,
116,University of Texas–El Paso (TX)*,48%,1860,32,107,8658,77,185,271,0.9998,20008.0,0.0453,9744.0,25152.0,47101.0,
117,University of the Pacific (CA),75%,341,40,76,19950,107,263,120,,,,,,,No data found
118,American University (DC),79%,295,423,63,21544,182,172,26,,37245.0,0.491,7360.0,7360.0,58699.0,
119,University of Idaho (ID)*,59%,626,334,141,11203,158,151,55,,6842.0,0.7306,7872.0,25326.0,45062.0,
120,Illinois Institute of Technology (IL),74%,187,71,111,19477,137,123,140,0.6611,2889.0,0.3866,50490.0,50490.0,82793.0,
121,Florida Gulf Coast University (FL)*,61%,830,301,214,8297,98,347,176,0.8921,13884.0,0.5936,6118.0,25162.0,52268.0,
122,Univ. of NC–Charlotte (NC)*,61%,1712,76,347,13681,129,181,123,0.684,2384.0,0.6393,42206.0,42206.0,57787.0,
123,Villanova University (PA),89%,218,361,15,23123,103,176,224,0.2524,7000.0,0.705,59020.0,59020.0,96129.0,
124,Univ. of Pittsburgh–Pittsburgh (PA)*,81%,676,261,430,20361,325,34,31,0.793,3269.0,0.2095,52352.0,52352.0,80965.0,
125,Colorado State University (CO)*,71%,1243,320,205,13131,152,72,236,0.8964,24344.0,0.7078,12331.0,31613.0,58388.0,
126,SUNY Binghamton (NY)*,82%,894,57,167,15325,80,124,360,,,,,,,No data found
127,West Chester University of PA (PA)*,74%,728,390,115,14930,123,339,110,0.8936,14152.0,0.735,10471.0,22295.0,56602.0,
128,North Carolina A&T State Univ. (NC)*,51%,796,52,256,9051,119,224,145,,,,,,,No data found
129,University of Hawaii–Hilo (HI)*,43%,299,226,117,12109,104,290,206,0.9217,2630.0,0.1992,7838.0,20798.0,45518.0,
130,University of Rhode Island (RI)*,69%,647,418,30,14832,136,157,153,0.7646,13850.0,0.7454,15332.0,33354.0,67398.0,
131,Univ. of Houston–Clear Lake (TX)*,68%,492,103,97,10297,42,307,421,0.9119,6747.0,0.3145,7698.0,20994.0,55946.0,
132,University of Memphis (TN)*,51%,1160,27,156,12252,134,227,122,0.9521,14591.0,0.4277,10056.0,14088.0,46044.0,
133,University of CA–Santa Cruz (CA)*,80%,1749,60,437,13152,175,62,218,0.5864,17864.0,0.3145,14070.0,43824.0,64166.0,
134,University of Dayton (OH),79%,206,401,66,22367,197,192,34,0.723,6899.0,0.5821,39066.0,39066.0,82012.0,
135,Clarkson University (NY),77%,202,259,24,22774,125,153,196,0.7458,2790.0,0.7918,54370.0,54370.0,86334.0,
136,Drexel University (PA),67%,711,88,55,23758,200,100,84,0.8263,14308.0,0.4761,57136.0,57136.0,79785.0,
137,Oregon State University (OR)*,65%,1336,209,278,16192,219,90,67,0.9157,3524.0,0.5826,10269.0,29709.0,49954.0,
138,University of NV–Las Vegas (NV)*,53%,1285,136,251,10732,168,199,76,,,,,,,No data found
139,Northeastern University (MA),88%,461,302,392,13440,192,82,134,0.7981,438.0,0.3333,30950.0,30950.0,57423.0,
140,La Salle University (PA),65%,300,123,32,22359,160,325,57,0.8135,2656.0,0.4846,33150.0,33150.0,64386.0,
141,University of NM–Main (NM)*,52%,682,150,376,14423,304,77,14,,4707.0,0.1778,1776.0,5664.0,38178.0,
142,West Virginia University (WV)*,60%,977,410,201,10787,265,112,23,0.9655,1373.0,0.6642,8437.0,14125.0,38235.0,
143,FL Agricultural & Mechanical U. (FL)*,55%,820,37,307,12230,106,217,250,0.3529,7005.0,0.0277,5785.0,17725.0,43616.0,
144,Texas Woman's University (TX)*,57%,891,194,65,8366,102,237,264,0.957,9035.0,0.3123,8394.0,18186.0,52581.0,
145,MO Univ. of Science & Tech. (MO)*,70%,278,36,42,10265,88,119,381,0.7126,3799.0,0.582,35472.0,35472.0,61393.0,
146,Penn State University (PA)*,69%,3288,318,216,22463,268,39,162,,,,14052.0,22914.0,61185.0,
147,Gonzaga University (WA),85%,224,393,126,23379,170,203,93,0.7615,4962.0,0.6796,48470.0,48470.0,76325.0,
148,Jackson State University (MS)*,44%,637,9,178,15564,122,205,215,0.7634,6992.0,0.626,11120.0,20840.0,41504.0,
149,University at Buffalo (NY)*,72%,1381,109,247,16213,128,64,362,0.7009,21303.0,0.4643,10782.0,28702.0,65856.0,
150,University of Oregon (OR)*,73%,1135,221,157,14233,118,111,301,,783.0,0.6169,,,97826.0,
151,University of the Cumberlands (KY),60%,539,104,113,13390,79,418,334,,,,,,,No data found
152,University of Tennessee (TN)*,71%,1204,70,377,14189,247,73,72,0.7915,8186.0,0.8322,9802.0,19834.0,45397.0,
153,Santa Clara University (CA),91%,184,339,20,24964,93,195,335,0.5398,5887.0,0.4201,55860.0,55860.0,99012.0,
154,CA State University–East Bay (CA)*,67%,1407,62,80,10380,50,295,422,0.8236,12047.0,0.1489,6995.0,18875.0,64188.0,
155,OK State University–Main (OK)*,63%,1100,241,223,9886,199,132,87,0.9412,3541.0,0.6329,7913.0,15023.0,45817.0,
156,Stony Brook University (NY)*,75%,1237,13,434,13270,149,74,323,0.4806,17900.0,0.2892,10455.0,28375.0,70686.0,
157,Duquesne University (PA),80%,245,397,46,24865,184,214,63,0.8426,5071.0,0.8109,43526.0,43526.0,71826.0,
158,Clemson University (SC)*,82%,679,358,271,16776,235,93,74,0.4922,21577.0,0.7811,15558.0,38550.0,69479.0,
159,University of Colorado–Boulder (CO)*,69%,882,328,302,15411,266,56,106,0.7958,30414.0,0.6797,12496.0,38314.0,65273.0,
160,Univ. of MD–Baltimore County (MD)*,68%,671,74,393,10829,163,135,178,,,,,,,No data found
161,Brandeis University (MA),89%,177,187,412,16360,204,48,273,0.3914,3577.0,0.4356,60006.0,60006.0,73676.0,
162,Valdosta State University (GA)*,44%,655,50,89,12531,133,373,167,0.7637,8421.0,0.4193,6583.0,17638.0,46357.0,
163,Arizona State. Univ.–Digital (AZ)*,50%,791,154,9,12659,41,437,434,0.7021,42511.0,0.5583,,,58967.0,
164,University of Wyoming (WY)*,60%,421,211,197,7394,194,147,103,0.9678,8700.0,0.7729,6277.0,20827.0,53303.0,
165,Western Carolina University (NC)*,65%,706,215,296,11408,154,389,121,0.7942,9980.0,0.7749,4367.0,8367.0,44755.0,
166,College of Saint Scholastica (MN),73%,232,159,136,19913,155,319,130,0.7369,2134.0,0.8102,39410.0,39410.0,61672.0,
167,Northern Arizona University (AZ)*,60%,1810,199,194,11467,150,189,212,0.7835,23772.0,0.5602,11896.0,26642.0,50118.0,
168,University of Vermont (VT)*,76%,438,365,340,14060,231,102,96,0.7539,1320.0,0.7402,12804.0,26892.0,44323.0,
169,University of Mass.–Dartmouth (MA)*,55%,471,213,190,17211,245,207,29,0.9222,5618.0,0.586,14408.0,30153.0,55113.0,
170,LA State Univ.–Baton Rouge (LA)*,68%,926,338,125,13942,205,104,151,,,,,,,No data found
171,University of Nebraska–Lincoln (NE)*,67%,810,251,277,13838,250,78,109,0.8107,19448.0,0.7599,9872.0,27002.0,55689.0,
172,Thomas Jefferson University (PA),76%,279,158,40,20396,113,150,345,0.7809,3727.0,0.5377,43116.0,43116.0,71676.0,
173,Prairie View A&M University (TX)*,45%,609,31,127,13498,151,362,189,,,,,,,No data found
174,University of Nebraska–Omaha (NE)*,51%,618,143,54,11766,157,294,181,0.8725,12010.0,0.6212,8136.0,21718.0,51972.0,
175,Simmons College (MA),80%,103,287,327,20960,209,279,51,0.5765,163.0,0.0123,16390.0,16390.0,,
176,Purdue University Global (IN)*,29%,2218,59,177,-4247,95,434,347,,32213.0,0.5687,10125.0,14436.0,32704.0,
177,Stockton University (NJ)*,76%,659,129,346,15330,141,335,225,0.8454,8359.0,0.6101,14885.0,22467.0,54393.0,
178,Univ. of MA–Boston (MA)*,57%,959,46,316,15095,153,170,258,0.803,563.0,0.8419,18050.0,18050.0,45876.0,
179,Ball State University (IN)*,63%,961,242,85,10805,148,249,238,0.6817,13896.0,0.7581,10290.0,27524.0,49177.0,
180,Temple University (PA)*,73%,1882,125,363,19324,216,118,152,0.7233,25596.0,0.5354,17378.0,30602.0,60306.0,
181,Kean University (NJ)*,59%,1006,246,84,15899,120,409,281,0.7916,10291.0,0.2815,12595.0,19771.0,52714.0,
182,IN Univ.-Purdue U.–Indianapolis (IN)*,51%,957,177,242,7985,225,164,101,,,,6714.0,6714.0,68414.0,
183,University of NH–Main (NH)*,78%,596,349,169,17869,146,145,328,,49093.0,0.2616,2160.0,6168.0,41926.0,
184,University of West Georgia (GA)*,48%,764,248,132,15143,173,391,143,0.697,8572.0,0.4729,6521.0,17576.0,47080.0,
185,CUNY City College (NY)*,53%,1193,22,285,2039,75,148,436,0.825,13490.0,0.101,7320.0,15270.0,47242.0,
186,Drake University (IA),79%,128,180,79,25034,261,213,37,0.6907,2857.0,0.7322,45912.0,45912.0,73451.0,
187,University of OK–Norman (OK)*,65%,946,175,124,17527,201,103,231,0.8523,20800.0,0.5898,12012.0,27816.0,59648.0,
188,Univ. of SC–Columbia (SC)*,74%,1232,340,382,16036,277,109,71,,,,,,72316.0,
189,Pepperdine University (CA),84%,218,331,106,30393,181,247,168,0.5271,3706.0,0.4649,59702.0,59702.0,78224.0,
190,Oakland City University (IN),66%,42,441,291,9377,55,425,438,0.7262,584.0,0.5634,25740.0,25740.0,40917.0,
191,University of Kansas (KS)*,65%,767,181,165,15962,293,85,80,0.925,18427.0,0.6988,11166.0,28034.0,58993.0,
192,Saint Mary's Univ. of MN (MN),68%,148,230,120,15680,147,276,275,0.8175,2009.0,0.5236,44750.0,44750.0,61492.0,
193,Ferris State University (MI)*,58%,940,341,26,9457,90,406,399,0.8477,8810.0,0.7627,12740.0,12740.0,53019.0,
194,Seattle University (WA),78%,250,293,233,27768,260,220,46,0.8212,4233.0,0.369,49335.0,49335.0,73484.0,
195,Southern IL Univ.–Carbondale (IL)*,54%,1071,276,61,13609,280,161,43,0.9515,7973.0,0.6661,15240.0,15240.0,50562.0,
196,Georgia Southern University (GA)*,52%,1591,222,81,14007,144,343,278,0.9051,22404.0,0.5674,6485.0,17539.0,50829.0,
197,St. Catherine University (MN),60%,235,94,200,16504,234,368,54,0.7489,2546.0,0.5452,46494.0,46494.0,54838.0,
198,Univ. of the Sciences (PA),74%,104,224,2,30083,116,233,364,,,,,,,No data found
199,Eastern Michigan University (MI)*,52%,1285,273,182,14163,223,289,104,0.8461,12344.0,0.5971,15700.0,15700.0,47087.0,
200,Elon University (NC),84%,121,435,60,26603,191,236,198,0.7771,6302.0,0.7988,38725.0,38725.0,66617.0,
201,University of Kentucky (KY)*,64%,893,170,184,13677,241,75,255,0.9835,10987.0,0.8186,9752.0,20024.0,42134.0,
202,University of Colorado–Denver (CO)*,51%,602,404,160,11832,162,149,321,0.7205,11042.0,0.4221,9384.0,26376.0,60077.0,
203,University of Southern MS (MS)*,51%,965,16,168,13192,224,168,160,,559.0,0.3059,,,110178.0,
204,University of Nevada–Reno (NV)*,59%,816,265,287,12907,275,116,111,0.8816,16274.0,0.5285,8588.0,24680.0,59167.0,
205,Maryville Univ. of Saint Louis (MO),59%,176,132,71,22983,117,422,353,0.9154,5627.0,0.6415,27166.0,27166.0,55969.0,
206,Fairfield University (CT),81%,114,434,8,27553,159,215,298,0.5581,4548.0,0.7852,52870.0,52870.0,95393.0,
207,Texas State Univ.–San Marcos (TX)*,61%,2169,279,183,12572,132,200,368,0.6999,33175.0,0.4097,11135.0,22559.0,53885.0,
208,University of Houston (TX)*,60%,2378,26,409,11229,131,91,424,,149.0,0.0671,14910.0,14910.0,36578.0,
209,Grand Valley State University (MI)*,66%,1347,256,218,12546,172,264,263,0.9165,19239.0,0.8127,13560.0,19296.0,53292.0,
210,University of Northern CO (CO)*,54%,609,382,86,13197,263,228,85,0.8579,7812.0,0.8434,9053.0,19753.0,51651.0,
211,Grand Canyon University (AZ),40%,3686,97,265,19046,165,433,254,0.8284,64210.0,0.4855,17800.0,17800.0,38385.0,
212,Univ. of NC–Wilmington (NC)*,72%,897,233,344,15386,187,273,239,0.684,2384.0,0.6393,42206.0,42206.0,57787.0,
213,University of AL at Birmingham (AL)*,57%,716,38,398,15215,321,83,86,0.8854,13284.0,0.5297,8568.0,20400.0,50907.0,
214,Kennesaw State University (GA)*,49%,1830,184,219,16309,208,386,161,0.8159,37743.0,0.478,6436.0,17690.0,54321.0,
215,Texas Tech University (TX)*,63%,1419,367,147,12619,185,110,349,0.6786,32414.0,0.5499,11852.0,24122.0,60456.0,
216,Cleveland State University (OH)*,52%,904,55,259,14889,244,210,131,0.9129,10208.0,0.6273,11690.0,16653.0,49935.0,
217,Mercer University (GA),61%,379,29,406,18444,306,193,39,0.7541,4699.0,0.4588,38746.0,38746.0,52487.0,
218,University of Mississippi (MS)*,64%,1043,285,324,10174,286,167,78,0.8966,15994.0,0.7754,9044.0,25886.0,50510.0,
219,Northern Illinois University (IL)*,58%,1243,307,123,13314,251,188,129,0.7045,11819.0,0.4575,12478.0,12478.0,55380.0,
220,University of MO–St. Louis (MO)*,58%,755,377,306,8735,222,275,165,0.6989,5376.0,0.604,9058.0,21158.0,44507.0,
221,Azusa Pacific University (CA),69%,494,280,175,23909,190,218,268,,1363.0,0.2069,10800.0,10800.0,,
222,Mary Baldwin University (VA),38%,102,24,254,16287,309,316,30,,1458.0,0.5117,31140.0,31140.0,39605.0,
223,Oakland University (MI)*,57%,872,317,140,9169,171,252,300,0.9209,13538.0,0.7091,13934.0,24708.0,55645.0,
224,Case Western Reserve Univ. (OH),85%,195,171,418,18830,302,38,338,0.3024,5697.0,0.399,54532.0,54532.0,81346.0,
225,Marshall University (WV)*,51%,580,186,139,6589,195,311,234,,,,,,,
226,Kansas State University (KS)*,62%,835,223,275,15175,297,107,126,0.9561,15372.0,0.7959,10420.0,26491.0,54472.0,
227,Texas Wesleyan University (TX),45%,138,128,104,21073,178,337,272,0.5753,1454.0,0.2503,34412.0,34412.0,50920.0,
228,Indiana State University (IN)*,45%,692,163,109,11748,296,385,38,0.9368,7653.0,0.7104,9598.0,20862.0,45531.0,
229,University of La Verne (CA),64%,581,167,161,24732,189,396,235,0.7194,3686.0,0.1744,45850.0,45850.0,62629.0,
230,Univ. of TN–Chattanooga (TN)*,50%,593,105,321,10945,284,278,56,,,,,,,No data found
231,Idaho State University (ID)*,52%,2335,343,230,16053,164,270,332,,6842.0,0.7306,7872.0,25326.0,45062.0,
232,Montana State University (MT)*,55%,629,353,365,17384,376,130,10,,2818.0,0.7747,6022.0,19352.0,41907.0,
233,Morgan State University (MD)*,46%,435,284,118,15151,207,209,251,0.871,7027.0,0.0102,8008.0,18479.0,46092.0,
234,Clarke University (IA),64%,72,165,322,21734,237,320,147,0.8878,702.0,0.6011,36870.0,36870.0,50541.0,
235,Alabama State University (AL)*,33%,416,1,93,15510,142,315,371,0.9799,3495.0,0.0152,11068.0,19396.0,34018.0,
236,University of St. Thomas (MN),75%,255,283,150,27615,273,262,105,0.7086,1797.0,0.1013,32940.0,32940.0,55391.0,
237,Southern IL Univ.–Edwardsville (IL)*,54%,626,210,90,9961,242,348,148,0.9807,9903.0,0.7012,12219.0,12219.0,54293.0,
238,University of Pikeville (KY),55%,389,63,174,13991,174,437,288,,210.0,0.6095,10354.0,10354.0,24950.0,
239,University of North Dakota (ND)*,52%,376,422,36,13497,267,166,164,0.9546,9932.0,0.8662,10601.0,15076.0,58936.0,
240,Middle Tennessee State Univ. (TN)*,49%,1390,89,249,10808,212,277,233,0.684,17713.0,0.6536,9232.0,28264.0,46693.0,
241,Southern Univ./A&M College (LA)*,39%,389,112,253,16250,218,285,226,0.5888,5178.0,0.012,9842.0,17192.0,41443.0,
242,Suffolk University (MA),62%,370,392,208,27129,333,299,24,0.8803,4187.0,0.5004,41648.0,41648.0,65950.0,
243,Tarleton State University (TX)*,58%,856,380,171,17435,228,371,184,0.5681,11666.0,0.6408,7790.0,17582.0,49993.0,
244,MO State Univ.–Springfield (MO)*,57%,773,263,185,13820,256,369,125,0.9385,14210.0,0.8044,8294.0,16498.0,47850.0,
245,Wayne State University (MI)*,47%,1157,75,334,12240,298,114,157,0.6326,16530.0,0.5475,14043.0,30013.0,48752.0,
246,Carson-Newman College (TN),52%,128,39,220,15810,289,321,75,,,,,,,No data found
247,University of Hawaii–Manoa (HI)*,63%,877,296,431,11751,303,94,195,0.6998,13839.0,0.1957,12186.0,34218.0,56055.0,
248,Central Michigan University (MI)*,61%,1189,316,99,13003,176,231,344,0.7708,11323.0,0.7614,13200.0,13200.0,52440.0,
249,University of Mass.–Lowell (MA)*,61%,705,155,369,12518,233,182,242,0.8457,12546.0,0.5559,15698.0,33624.0,65324.0,
250,University of Denver (CO),75%,223,257,337,22506,300,198,94,0.7205,11042.0,0.4221,9384.0,26376.0,60077.0,
251,Rowan University (NJ)*,75%,731,236,180,20423,177,244,342,0.8377,14925.0,0.6529,14376.0,23408.0,56115.0,
252,University of Louisville (KY)*,54%,769,229,268,14872,323,146,64,0.7469,13815.0,0.6699,12370.0,28716.0,51380.0,
253,University of Alaska–Fairbanks (AK)*,34%,100,425,75,8260,214,143,327,0.6469,4108.0,0.5241,7248.0,21384.0,46150.0,
254,SUNY Envir. Science & Forestry (NY)*,79%,109,308,440,16390,279,187,156,0.6532,1576.0,0.7773,9206.0,19966.0,53274.0,
255,Miami University–Oxford (OH)*,80%,497,330,352,17957,232,201,249,0.886,16868.0,0.7867,16704.0,37379.0,55590.0,
256,Barry University (FL),48%,405,217,195,17187,253,287,170,0.6369,2932.0,0.1241,31540.0,31540.0,54203.0,
257,Auburn University (AL)*,77%,634,327,364,20107,316,113,133,0.968,3742.0,0.4129,8860.0,18820.0,43743.0,
258,Tennessee State University (TN)*,41%,554,135,193,11657,215,238,280,0.874,9768.0,0.7641,9438.0,12740.0,42563.0,
259,Saint Louis University–Main (MO),70%,334,231,227,20569,320,152,91,,,,,,,No data found
260,University of Texas–Tyler (TX)*,54%,432,134,241,8298,135,398,409,0.9388,6752.0,0.5218,9596.0,25142.0,52674.0,
261,D'Youville College,62%,118,325,146,16594,183,424,315,,,,,,,No data found
262,University of WI–Milwaukee (WI)*,49%,1015,240,229,14082,288,179,159,0.6798,14161.0,0.7808,7238.0,21303.0,52560.0,
263,Eastern Kentucky University (KY)*,49%,835,96,137,12412,249,324,188,0.9835,10987.0,0.8186,9752.0,20024.0,42134.0,
264,Wichita State University (KS)*,50%,527,93,246,12551,271,250,185,,2305.0,0.5302,5963.0,6875.0,40438.0,
265,Adelphi University (NY),73%,416,355,122,26842,299,291,108,0.7746,5168.0,0.4565,42475.0,42475.0,70089.0,
266,University of Lynchburg (VA),63%,146,347,235,19731,318,292,62,0.9687,1614.0,0.7416,33500.0,33500.0,50248.0,
267,Bradley University (IL),76%,250,278,73,19181,166,260,394,0.7586,4319.0,0.671,36360.0,36360.0,66315.0,
268,Loyola Marymount University (CA),82%,299,385,326,31741,362,256,25,0.4582,6999.0,0.4243,53526.0,53526.0,71771.0,
269,Ohio University–Main (OH)*,66%,1036,291,309,18684,308,186,127,,58.0,0.6724,8200.0,8200.0,36605.0,
270,DePaul University (IL),69%,1206,149,143,27086,243,245,261,0.6944,14059.0,0.4952,42012.0,42012.0,67245.0,
271,Western Michigan University (MI)*,60%,1160,332,176,15640,272,202,219,,,,,,55121.0,
272,Regent University (VA),37%,142,30,94,17936,140,411,415,0.4071,4246.0,0.4948,18820.0,18820.0,44160.0,
273,University of Michigan–Flint (MI)*,50%,453,232,263,9500,259,230,240,0.7386,4372.0,0.7054,12750.0,24974.0,47757.0,
274,University of Maine (ME)*,58%,506,192,387,14316,332,144,107,,3020.0,0.8192,8378.0,19238.0,39258.0,
275,Univ. of Wisconsin–La Crosse (WI)*,69%,393,389,243,10923,217,251,316,0.7385,9230.0,0.8946,9195.0,18014.0,57125.0,
276,Gannon University (PA),65%,154,384,96,18446,258,358,228,0.8359,2681.0,0.6949,34526.0,34526.0,57091.0,
277,Saint John Fisher College (NY),77%,234,375,292,22111,269,302,223,,,,,,,No data found
278,Catholic University of America (DC),74%,92,438,49,26425,326,156,124,0.8601,2891.0,0.671,52156.0,52156.0,76452.0,
279,Wilkes University (PA),61%,147,168,102,24849,322,300,90,0.9477,2134.0,0.7198,39914.0,39914.0,61498.0,
280,Univ. of Wisconsin–Oshkosh (WI)*,58%,549,437,78,12180,179,395,374,0.8989,8419.0,0.8014,7733.0,15306.0,51418.0,
281,Bowling Green State Univ. (OH)*,60%,891,391,154,14993,310,216,144,,1138.0,0.7381,5776.0,13765.0,46918.0,
282,Worcester Polytechnic Institute (MA),89%,148,336,47,33620,238,97,393,0.6021,5134.0,0.6455,55731.0,55731.0,100193.0,
283,Stevens Institute of Technology (NJ),85%,129,102,53,27604,206,142,400,0.5269,4053.0,0.5149,56920.0,56920.0,104918.0,
284,Yeshiva University (NY),81%,108,399,319,26925,330,63,279,0.627,2583.0,0.5923,47500.0,47500.0,67963.0,
285,Arkansas State Univ. (AR)*,52%,685,119,354,12245,334,364,52,,1163.0,0.6733,2856.0,4320.0,39065.0,
286,Lincoln Memorial University (TN),60%,103,85,288,13040,230,405,294,0.699,1575.0,0.7937,24210.0,24210.0,44726.0,
287,Daemen College (NY),63%,164,286,92,13041,278,377,208,,,,,,,No data found
288,Aurora University (IL),64%,318,124,224,14378,186,407,383,0.8642,4076.0,0.4316,26760.0,26760.0,53159.0,
289,Baker University (KS),61%,115,300,56,20059,167,334,412,0.9906,1206.0,0.6551,31700.0,31700.0,60914.0,
290,Wingate University (NC),54%,133,216,91,17178,229,383,308,0.8453,2480.0,0.473,40170.0,40170.0,51262.0,
291,Fordham University (NY),79%,388,253,186,26118,264,158,326,0.583,9669.0,0.5255,56161.0,56161.0,78820.0,
292,Mississippi State University (MS)*,61%,1000,144,389,14370,380,125,58,0.7861,1316.0,0.0152,7068.0,7068.0,30324.0,
293,East Tennessee State University (TN)*,52%,767,44,315,11890,311,232,171,0.874,9768.0,0.7641,9438.0,12740.0,42563.0,
294,Gardner-Webb University (NC),56%,247,151,232,18416,290,340,204,0.7895,1980.0,0.601,32200.0,32200.0,45181.0,
295,Walsh University (OH),60%,139,326,116,14268,213,341,357,0.7992,1635.0,0.4765,32315.0,32315.0,55799.0,
296,Clark University (MA),80%,121,313,439,20396,379,138,61,0.5827,395.0,0.8,27200.0,27200.0,38264.0,
297,Pace University–New York (NY),59%,540,352,37,26148,314,345,150,,,,,,,No data found
298,University of St. Francis (IL),67%,144,374,101,14150,239,387,317,0.994,1724.0,0.67,33390.0,33390.0,48788.0,
299,Texas A&M–Commerce (TX)*,54%,760,275,155,11576,169,346,418,0.6999,33175.0,0.4097,11135.0,22559.0,53885.0,
300,University of Cincinnati–Main (OH)*,67%,1005,252,415,17616,356,87,211,0.8483,27188.0,0.7199,12598.0,27932.0,51185.0,
301,Bethel University (MN),71%,222,258,199,21247,248,254,337,,,,,,58664.0,
302,University of North Texas (TX)*,60%,2293,250,273,8603,236,160,388,,,,,,,
303,University of St. Thomas (TX),61%,117,41,381,16637,202,351,395,0.7086,1797.0,0.1013,32940.0,32940.0,55391.0,
304,Kent State University–Kent (OH)*,59%,1117,274,272,15881,285,171,302,0.8731,20136.0,0.7515,11934.0,20810.0,45019.0,
305,Sage Colleges (NY),64%,194,110,237,19111,211,342,384,,,,,,,No data found
306,Quinnipiac University (CT),77%,228,416,13,33920,246,301,341,0.8812,6243.0,0.7437,51270.0,51270.0,81553.0,
307,Loyola University–Chicago (IL),73%,642,166,300,27999,378,206,59,0.7698,11739.0,0.5322,47808.0,47808.0,66791.0,
308,Seattle Pacific University (WA),68%,224,169,191,21323,283,194,312,0.9195,2611.0,0.424,35646.0,35646.0,61006.0,
309,St. John's University–New York (NY),62%,915,362,50,24352,227,317,372,0.8514,10058.0,0.405,46050.0,46050.0,68177.0,
310,University of Detroit Mercy (MI),66%,164,228,217,14415,221,303,389,0.9324,2385.0,0.5736,30154.0,30154.0,60489.0,
311,Creighton University (NE),73%,132,333,323,25974,383,173,60,0.7775,4455.0,0.7185,44524.0,44524.0,71997.0,
312,Regis University (CO),58%,315,406,108,21242,274,312,304,0.8137,2616.0,0.4992,39610.0,39610.0,67164.0,
313,NM State Univ.–Main (NM)*,53%,639,271,433,8680,374,154,115,0.5726,10674.0,0.2404,7301.0,23767.0,38178.0,
314,Rochester Institute of Tech. (NY),70%,749,42,336,27095,291,190,320,0.7136,13085.0,0.6398,52756.0,52756.0,69250.0,
315,University of Alabama (AL)*,68%,1085,335,286,19727,369,155,128,0.7367,7358.0,0.7196,11488.0,23884.0,56901.0,
316,Marian University (IN),58%,93,439,310,16409,406,401,11,0.7627,1144.0,0.7229,29130.0,29130.0,53441.0,
317,Tennessee Technological Univ. (TN)*,58%,661,61,378,13447,301,258,265,0.7915,8186.0,0.8322,9802.0,19834.0,45397.0,
318,University of LA–Monroe (LA)*,48%,361,319,250,9759,281,338,297,,,,,,,
319,Gallaudet University (DC),58%,95,383,298,16563,370,313,77,0.6169,998.0,0.4349,17712.0,17712.0,37101.0,
320,Immaculata University (PA),69%,109,420,82,24627,226,394,385,0.7958,1363.0,0.7073,27750.0,27750.0,58673.0,
321,North Dakota State Univ.–Main (ND)*,59%,416,378,148,13868,287,163,350,0.9546,9932.0,0.8662,10601.0,15076.0,58936.0,
322,Edgewood College (WI),65%,131,254,231,22284,331,375,177,0.9549,1147.0,0.762,32600.0,32600.0,55742.0,
323,University of Miami (FL),82%,408,373,388,32175,397,79,166,1.0,178.0,0.0337,12444.0,12444.0,41451.0,
324,George Fox University (OR),74%,209,294,361,24302,307,329,267,0.8254,2545.0,0.6739,38520.0,38520.0,54279.0,
325,Northern Kentucky University (KY)*,48%,550,337,320,5356,324,366,214,0.8029,8982.0,0.7925,10392.0,20448.0,46832.0,
326,Western Kentucky University (KY)*,48%,791,219,349,12023,388,257,70,0.9848,12526.0,0.771,10992.0,27000.0,41091.0,
327,University of Central Arkansas (AR)*,45%,518,47,261,14269,375,267,114,0.9237,7763.0,0.6571,9563.0,16433.0,43712.0,
328,Seton Hall University (NJ),70%,368,161,138,23952,292,261,339,0.7661,5924.0,0.5029,46880.0,46880.0,68307.0,
329,Widener University (PA),62%,182,430,189,26965,418,293,9,0.8453,2729.0,0.6951,49706.0,49706.0,68879.0,
330,Brenau University (GA),45%,160,79,34,22649,252,412,377,0.8911,1310.0,0.4855,32530.0,32530.0,49629.0,
331,Bellarmine University (KY),66%,127,306,282,20943,391,286,69,0.855,2356.0,0.7581,44920.0,44920.0,56346.0,
332,Univ. of CO–Colorado Springs (CO)*,49%,529,264,342,12711,315,306,285,,21009.0,0.2838,12581.0,12581.0,36791.0,
333,Valparaiso University (IN),71%,174,188,240,20637,270,204,398,0.9317,2493.0,0.7236,44796.0,44796.0,60754.0,
334,Saint Ambrose University (IA),65%,157,304,221,23360,372,378,117,0.7241,2220.0,0.7261,33570.0,33570.0,57818.0,
335,Lamar University (TX)*,39%,497,234,152,10896,305,376,307,0.8806,7881.0,0.3918,8690.0,18482.0,45940.0,
336,Misericordia University (PA),67%,136,354,158,22013,295,390,336,0.891,1763.0,0.8469,35940.0,35940.0,59518.0,
337,Univ. of MD Eastern Shore (MD)*,44%,274,312,203,12719,203,309,431,0.819,1758.0,0.0865,8724.0,19343.0,43696.0,
338,Indiana University of PA–Main (PA)*,57%,737,297,163,18800,340,253,241,,,,,,,No data found
339,Chatham University (PA),67%,74,322,401,21903,366,322,155,0.7339,1192.0,0.7768,40877.0,40877.0,49280.0,
340,University of Mary (ND),56%,89,428,52,15405,317,414,282,0.8175,2009.0,0.5236,44750.0,44750.0,61492.0,
341,University of Texas–Dallas (TX)*,70%,1085,6,441,12427,257,117,433,0.8721,21416.0,0.2636,14564.0,39776.0,64398.0,
342,Wilmington University (DE),45%,624,429,112,14800,282,429,352,0.6798,14161.0,0.7808,7238.0,21303.0,52560.0,
343,Augusta University (GA)*,44%,325,117,402,11426,345,314,222,0.7182,1658.0,0.8142,35914.0,35914.0,53641.0,
344,Keiser University (FL),56%,529,12,314,34974,254,436,392,,,,22000.0,22000.0,37335.0,
345,University of Indianapolis (IN),55%,233,160,153,17268,312,380,306,0.8361,18707.0,0.6356,10044.0,32101.0,50477.0,
346,University of Arkansas (AR)*,64%,906,346,356,13174,364,106,309,,1163.0,0.6733,2856.0,4320.0,39065.0,
347,Husson University (ME),58%,154,195,238,15522,276,428,373,0.8555,2430.0,0.8292,20430.0,20430.0,43102.0,
348,Texas A&M–Corpus Christi (TX)*,45%,600,118,357,17104,363,266,205,,,,,,,No data found
349,Campbell University (NC),47%,275,218,213,20643,394,344,92,0.8725,3313.0,0.5973,38160.0,38160.0,51142.0,
350,CO Technical Univ. (CO)°,22%,1256,8,142,16900,193,432,440,,2457.0,0.5018,,,46539.0,
351,Springfield College (MA),74%,104,395,436,21922,420,333,18,0.769,2056.0,0.7495,40480.0,40480.0,47049.0,
352,Texas Christian University (TX),81%,264,376,332,27136,335,281,293,0.5361,10215.0,0.6679,51660.0,51660.0,63517.0,
353,Southern Methodist University (TX),80%,232,191,281,29358,357,169,290,0.5313,6894.0,0.6275,60236.0,60236.0,76672.0,
354,University of South Alabama (AL)*,47%,628,95,370,13531,337,234,313,0.7078,8631.0,0.6013,8756.0,17012.0,45018.0,
355,Briar Cliff University (IA),49%,88,204,196,20177,294,361,386,,648.0,0.5571,33998.0,33998.0,49246.0,
356,Clark Atlanta University (GA),43%,293,15,188,33532,353,298,259,0.5824,3376.0,0.0006,24012.0,24012.0,41968.0,
357,Baylor University (TX),77%,558,409,295,29243,401,165,149,0.9934,3176.0,0.5387,31500.0,31500.0,52159.0,
358,Boise State University (ID)*,52%,888,405,390,14084,377,235,220,0.8313,17075.0,0.7328,8060.0,24980.0,46869.0,
359,Pacific University (OR),69%,126,214,362,24535,368,229,253,0.793,3269.0,0.2095,52352.0,52352.0,80965.0,
360,Mount St. Joseph University (OH),56%,74,411,236,14582,381,359,193,0.6316,1087.0,0.7783,33250.0,33250.0,52319.0,
361,Gwynedd Mercy University (PA),61%,94,412,43,22065,341,420,291,0.906,1484.0,0.6213,36244.0,36244.0,62124.0,
362,American International College (MA),43%,107,200,164,23467,327,423,329,0.5787,1269.0,0.357,39370.0,39370.0,53069.0,
363,University of South Dakota (SD)*,52%,326,387,135,17055,361,272,270,0.8743,8651.0,0.8719,9299.0,12809.0,52198.0,
364,Robert Morris University (PA),59%,257,299,276,22112,329,402,331,0.9395,2986.0,0.7549,32770.0,32770.0,56943.0,
365,Our Lady of the Lake San Antonio (TX),48%,171,69,350,17074,355,323,287,,,,,,,No data found
366,Trevecca Nazarene University (TN),55%,139,207,367,13938,339,388,319,0.777,1814.0,0.5805,26898.0,26898.0,51250.0,
367,Belmont University (TN),71%,217,247,325,24173,371,381,247,0.8808,7050.0,0.787,38430.0,38430.0,51864.0,
368,University of Phoenix–Phoenix (AZ)°,27%,8159,368,397,12859,240,427,437,,348.0,0.4856,,,48846.0,
369,Texas Southern University (TX)*,32%,489,18,308,18427,319,284,379,0.6305,5726.0,0.0086,9173.0,21413.0,36251.0,
370,Roosevelt University (IL),50%,535,133,384,21426,384,330,217,0.9229,2585.0,0.3509,31493.0,31493.0,45701.0,
371,Alvernia University (PA),60%,113,398,297,24183,390,426,180,0.5777,2025.0,0.6286,39280.0,39280.0,52116.0,
372,University of MO–Kansas City (MO)*,53%,615,310,330,12608,360,242,325,,,,3914.0,8977.0,41907.0,
373,Nova Southeastern University (FL),51%,540,28,394,22611,386,208,262,0.925,6578.0,0.2589,34570.0,34570.0,56055.0,
374,Saint Leo University (FL),42%,1078,99,226,16742,262,399,435,0.7066,6456.0,0.3059,26050.0,26050.0,47428.0,
375,Oklahoma City University (OK),69%,92,269,358,20294,348,282,351,,3711.0,0.5268,5070.0,10908.0,39704.0,
376,University of LA–Lafayette (LA)*,52%,678,311,351,11090,344,221,382,,,,,,,
377,Wright State University–Main (OH)*,44%,697,238,279,14373,396,197,245,0.9604,6879.0,0.7322,10390.0,19808.0,47344.0,
378,South Dakota State University (SD)*,54%,426,408,222,16477,367,212,348,0.8743,8651.0,0.8719,9299.0,12809.0,52198.0,
379,Dominican University (NY),51%,108,197,211,18773,338,416,367,0.756,1131.0,0.2476,31460.0,31460.0,60238.0,
380,University of Toledo (OH)*,47%,808,152,283,14967,403,175,244,0.9652,12016.0,0.6836,11490.0,20850.0,49962.0,
381,South Univ./Savannah Online (GA),11%,280,53,172,22124,351,437,346,,4748.0,0.393,14494.0,14494.0,35237.0,
382,South University–Columbia (SC)°,25%,112,164,372,20737,336,421,380,0.6156,26430.0,0.742,12688.0,33928.0,57734.0,
383,Texas A&M–Kingsville (TX)*,49%,559,121,366,11079,313,332,420,0.6999,33175.0,0.4097,11135.0,22559.0,53885.0,
384,Univ. of Mary Hardin–Baylor (TX),48%,207,147,129,25807,399,363,230,0.9934,3176.0,0.5387,31500.0,31500.0,52159.0,
385,Trinity International–Illinois (IL),49%,65,407,341,17983,342,327,402,0.9142,476.0,0.4727,33298.0,33298.0,44008.0,
386,Univ. of the Incarnate Word (TX),53%,503,157,359,21432,365,357,359,,,,,,,No data found
387,University of New Orleans (LA)*,43%,342,290,383,10813,328,211,426,,893.0,0.6797,,,67578.0,
388,Howard University (DC),62%,561,193,206,41460,411,136,292,,3.0,0.0,,,,
389,Loyola University–New Orleans (LA),60%,171,173,348,17958,347,222,416,0.7827,3230.0,0.4529,43498.0,43498.0,50080.0,
390,Samford University (AL),71%,84,426,329,25009,408,269,248,0.8387,3604.0,0.8513,35360.0,35360.0,54742.0,
391,Union University (TN),66%,189,142,417,27774,416,246,200,,489.0,0.3456,17141.0,17141.0,58052.0,
392,University of Tulsa (OK),70%,101,272,432,20249,409,127,333,0.7524,2698.0,0.5148,45673.0,45673.0,56788.0,
393,University of Findlay (OH),62%,146,431,239,20925,358,413,387,0.836,2204.0,0.6969,37188.0,37188.0,54862.0,
394,University of AR–Little Rock (AR)*,40%,477,237,304,15086,382,248,361,0.5769,5025.0,0.4917,8366.0,18957.0,42973.0,
395,Harding University (AR),66%,217,415,289,16663,393,265,340,0.5414,3262.0,0.7961,22230.0,22230.0,50273.0,
396,Lesley University (MA),63%,106,369,317,29525,395,328,299,0.8695,1685.0,0.5632,29550.0,29550.0,47821.0,
397,Marymount University (VA),66%,139,413,159,23601,346,379,411,0.4582,6999.0,0.4243,53526.0,53526.0,71771.0,
398,DeSales University (PA),61%,120,371,266,23622,392,400,330,0.7822,2265.0,0.7152,41000.0,41000.0,57821.0,
399,Florida Institute of Technology (FL),63%,157,295,416,27883,422,137,257,0.6588,3219.0,0.5489,43246.0,43246.0,53864.0,
400,Hardin-Simmons University (TX),50%,93,183,133,18114,359,310,407,0.9459,1459.0,0.5415,31686.0,31686.0,51029.0,
401,Xavier University (OH),69%,144,421,252,29662,429,288,95,0.8479,3087.0,0.3411,35060.0,35060.0,55564.0,
402,Point Park University (PA),53%,242,202,248,19094,349,403,417,0.8232,2567.0,0.702,35610.0,35610.0,44613.0,
403,Sacred Heart University (CT),68%,175,427,51,37401,410,410,266,0.6612,6699.0,0.7521,45230.0,45230.0,74642.0,
404,Palm Bch. Atl. U.–W. Palm Bch. (FL),53%,201,292,318,24275,404,356,311,,,,,,,No data found
405,Oral Roberts University (OK),46%,156,120,234,19346,343,331,428,0.8499,3186.0,0.3895,31558.0,31558.0,44293.0,
406,Belhaven University (MS),46%,228,146,408,16628,350,354,425,0.6402,1632.0,0.3811,27825.0,27825.0,42152.0,
407,William Carey University (MS),49%,259,268,375,12800,402,384,343,0.5745,1960.0,0.6107,14100.0,14100.0,40817.0,
408,University of Charleston (WV),43%,73,396,386,20174,424,419,227,0.5721,2679.0,0.6626,28930.0,28930.0,43163.0,
409,Louisiana Tech University (LA)*,52%,293,417,391,9967,407,243,355,0.6583,7785.0,0.7219,10065.0,16806.0,50632.0,
410,William Woods University (MO),61%,67,321,374,22766,412,367,314,0.683,726.0,0.7163,26730.0,26730.0,43767.0,
411,Shenandoah University (VA),60%,102,432,339,25993,423,392,246,0.7435,2122.0,0.6074,34490.0,34490.0,55196.0,
412,Dallas Baptist University (TX),55%,122,357,173,24081,389,353,405,0.94,2717.0,0.565,33620.0,33620.0,53741.0,
413,Chapman University (CA),80%,302,350,423,32989,421,268,286,0.6037,7469.0,0.5022,58634.0,58634.0,64844.0,
414,Ashford University (IA)°,20%,4558,403,301,21558,352,430,429,,31534.0,0.4151,14278.0,14278.0,37041.0,
415,Hampton University (VA),53%,225,433,244,32412,435,191,135,0.8012,2855.0,0.0067,29312.0,29312.0,55618.0,
416,Concordia University–Wisconsin (WI),53%,261,345,333,20350,400,372,376,0.6859,2628.0,0.723,31952.0,31952.0,51567.0,
417,University of AL–Huntsville (AL)*,55%,279,87,424,15111,413,225,358,,,,,,72316.0,
418,University of Bridgeport (CT),52%,188,260,267,22343,385,370,413,0.7314,1733.0,0.2418,35760.0,35760.0,51396.0,
419,Western New England Univ. (MA),61%,152,255,212,25508,373,360,427,0.8988,2579.0,0.7468,40380.0,40380.0,66181.0,
420,Lipscomb University (TN),64%,144,267,429,22020,428,297,232,0.7399,2945.0,0.7127,35752.0,35752.0,51858.0,
421,University of Hartford (CT),60%,284,351,144,25957,398,274,414,0.7879,3915.0,0.517,44885.0,44885.0,63870.0,
422,Hofstra University (NY),63%,324,282,303,29968,426,280,305,0.6776,6004.0,0.5273,49410.0,49410.0,68703.0,
423,Liberty University (VA),35%,2961,83,103,27929,405,415,397,0.9928,47179.0,0.5653,22713.0,22713.0,45115.0,
424,University of New England (ME),65%,113,440,428,31106,434,355,203,,,,,,44473.0,
425,Andrews University (MI),57%,118,363,426,17358,427,141,375,0.8151,1315.0,0.2418,31782.0,31782.0,50391.0,
426,Concordia University–Irvine (CA),65%,131,402,395,22061,414,352,403,0.8138,1580.0,0.4595,38740.0,38740.0,59831.0,
427,South College (TN),37%,79,80,411,16291,430,437,256,,1808.0,0.3042,4831.0,4831.0,44851.0,
428,Touro College (NY),54%,479,86,419,19973,415,404,401,,,,,,,No data found
429,Biola University (CA),71%,269,314,435,25441,417,255,404,0.6077,3592.0,0.4365,44382.0,44382.0,53148.0,
430,New School (NY),72%,326,414,228,36293,419,241,406,0.663,7373.0,0.3425,52494.0,52494.0,55333.0,
431,Tulane University (LA),67%,186,424,442,22362,440,98,88,0.0963,8700.0,0.6826,60814.0,60814.0,59812.0,
432,Long Island University (NY),51%,701,379,380,24418,425,408,369,0.9332,5909.0,0.396,39290.0,39290.0,54935.0,
433,Capitol Technology University (MD),51%,24,212,328,20441,387,437,442,0.4654,322.0,0.3696,26934.0,26934.0,82031.0,
434,University of Akron–Main (OH)*,43%,823,356,400,17556,436,134,324,0.8492,10811.0,0.7291,11880.0,11880.0,46023.0,
435,Abilene Christian University (TX),63%,164,372,355,25956,431,240,370,0.7011,3131.0,0.634,39350.0,39350.0,51336.0,
436,Walden University (MN)°,28%,628,324,27,18772,439,95,378,,7086.0,0.4279,12180.0,12180.0,48155.0,
437,Mississippi College (MS),53%,189,386,421,15709,437,283,396,,1468.0,0.5293,3380.0,6080.0,30165.0,
438,Southeastern University (FL),47%,199,436,290,25220,432,431,419,0.9894,10106.0,0.6685,8289.0,20767.0,43810.0,
439,St. Thomas University (FL),51%,102,442,371,22502,433,417,430,0.7086,1797.0,0.1013,32940.0,32940.0,55391.0,
440,Master's University (CA),53%,68,344,280,24913,438,365,423,0.6698,1338.0,0.6278,28870.0,28870.0,53478.0,
441,Capella University (MN)°,18%,491,208,44,17140,441,435,390,,12378.0,0.5051,14148.0,14148.0,53043.0,
442,Erskine College and Seminary (SC),50%,41,381,410,35224,442,305,441,0.6267,700.0,0.4771,36510.0,36510.0,47825.0,
